output,input
"<iframe class=""output"" src=""http://52.203.230.115/txtimgsearch/?text_query=Ein+schwarzes+Hemdkleid.+Es+hat+einen+Hemdkragen+und+ist+ärmellos.+An+der+Tallie+hat+es+ein+Band."" seamless>",<span>Ein schwarzes Hemdkleid. Es hat einen Hemdkragen und ist ärmellos. An der Tallie hat es ein Band.</span>
"<iframe class=""output"" src=""http://52.203.230.115/txtimgsearch/?text_query=Ein+knielanges,+hell+pinkes+Kleid.+Es+besitzt+einen+runden+Ausschnitt,+keine+Ärmel+und+die+Schultern+sind+frei."" seamless>","<span>Ein knielanges, hell pinkes Kleid. Es besitzt einen runden Ausschnitt, keine Ärmel und die Schultern sind frei.</span>"
"<iframe class=""output"" src=""http://52.203.230.115/txtimgsearch/?text_query=Ein+kurzärmliges+Kleid+,+das+deutlich+über+den+Knien+endet.+Der+dunkelblaue+Stoff+ist+mit+einem+weißen,+blattähnlichen+Muster+bedruckt.+DerAusschnitt+ist+rund+und+breit.+Um+die+Taille+ist+ein+schmales,+schwarzes+Band+geschlungen.+Der+Rockteil+weist+zwei+aufspringende+Abnäherfalten+auf."" seamless>","<span>Ein kurzärmliges Kleid , das deutlich über den Knien endet. Der dunkelblaue Stoff ist mit einem weißen, blattähnlichen Muster bedruckt.  DerAusschnitt ist rund und breit. Um die Taille ist ein schmales, schwarzes Band geschlungen. Der Rockteil weist zwei aufspringende Abnäherfalten auf.</span>"
"<iframe class=""output"" src=""http://52.203.230.115/txtimgsearch/?text_query=Langes+Sommerkleid+ohne+Ärmeln.+Das+Kleid+ist+grau/schwarz,+mit+rotem+Blumenmustern+am+Rock.+Es+reicht+bis+zu+den+Füßen.+Es+hat+einen+V-Ausschnitt."" seamless>","<span>Langes Sommerkleid ohne Ärmeln. Das Kleid ist grau/schwarz, mit rotem Blumenmustern am Rock. Es reicht bis zu den Füßen. Es hat einen V-Ausschnitt.</span>"
"<iframe class=""output"" src=""http://52.203.230.115/txtimgsearch/?text_query=Kurzes+sexy+Minikleid+mit+vertikalen+schmalen+roten+und+weißen+Streifen,+schulter+frei+mit+faltigen+Absatz+auf+Brust+Höhe+und+breiten+oben+offenen+Ärmeln."" seamless>","<span>Kurzes sexy Minikleid mit vertikalen schmalen roten und weißen Streifen, schulter frei mit faltigen Absatz auf Brust Höhe und breiten oben offenen Ärmeln.</span>"
"<iframe class=""output"" src=""http://52.203.230.115/txtimgsearch/?text_query=Ein+Knie+langes+Kleid+in+rot.+Es+hat+einen+runden+Halsausschnitt+und+lange+Ärmel."" seamless>",<span>Ein Knie langes Kleid in rot. Es hat einen runden Halsausschnitt und lange Ärmel.</span>
"<iframe class=""output"" src=""http://52.203.230.115/txtimgsearch/?text_query=Ein+Dunkel-Rosa+kurzes+Minikleid,+mit+einem+geradem+Schulterfrei+Ausschnitt+einer+Rüsche+und+kurzen+Ärmeln."" seamless>","<span>Ein Dunkel-Rosa kurzes Minikleid, mit einem geradem Schulterfrei Ausschnitt einer Rüsche und kurzen Ärmeln.</span>"
"<iframe class=""output"" src=""http://52.203.230.115/txtimgsearch/?text_query=Ein+hellblaues+Kleid+mit+freien+Schultern+und+mittellangen+Ärmeln.+Es+hat+Stickmuster+an+den+Ärmeln+und+am+unteren+Ende.+Es+hat+einen+dezenten+V-Ausschnitt+und+fällt+bis+über+die+Hüfte."" seamless>",<span>Ein hellblaues Kleid mit freien Schultern und mittellangen Ärmeln. Es hat Stickmuster an den Ärmeln und am unteren Ende. Es hat einen dezenten V-Ausschnitt und fällt bis über die Hüfte.</span>
"<iframe class=""output"" src=""http://52.203.230.115/txtimgsearch/?text_query=ärmelos,+mittelweiter+Ausschnitt,+band+oberhalb+der+hüfte,+blau,+unterhalb+weit+geschnitten"" seamless>","<span>ärmelos, mittelweiter Ausschnitt, band oberhalb der hüfte, blau, unterhalb weit geschnitten</span>"
"<iframe class=""output"" src=""http://52.203.230.115/txtimgsearch/?text_query=Es+ist+ein+langes+weites+weißes+Kleid+ohne+Ärmel+und+mit+einem+V-Ausschitt."" seamless>",<span>Es ist ein langes weites weißes Kleid ohne Ärmel und mit einem V-Ausschitt.</span>
"<iframe class=""output"" src=""http://52.203.230.115/txtimgsearch/?text_query=Rotes+Kleid,+fast+knielang,+keine+Ärmel.+Oben+Rüschen,+kein+Ausschnitt.+Nicht+tailliert."" seamless>","<span>Rotes Kleid, fast knielang, keine Ärmel. Oben Rüschen, kein Ausschnitt. Nicht tailliert.</span>"
"<iframe class=""output"" src=""http://52.203.230.115/txtimgsearch/?text_query=Es+ist+ein+leichtes+kurzes+Sommerkleid,+vertikal+zweifarbig+auf+der+einen+Seite+weiß+mit+rotem+Muster,+auf+der+anderen+Seite+anthrazit+mit+weißem+Muster."" seamless>","<span>Es ist ein leichtes kurzes Sommerkleid, vertikal zweifarbig auf der einen Seite weiß mit rotem Muster, auf der anderen Seite anthrazit mit weißem Muster.</span>"
"<iframe class=""output"" src=""http://52.203.230.115/txtimgsearch/?text_query=in+Kleid+das+hinten+zu+gemacht+wird+mit+einem+Hacken.+Es+hat+keine+Arme+und+die+Knie+sind+frei."" seamless>",<span>in Kleid das hinten zu gemacht wird mit einem Hacken. Es hat keine Arme und die Knie sind frei.</span>
"<iframe class=""output"" src=""http://52.203.230.115/txtimgsearch/?text_query=Ein+langes,+dunkel+blaues+Kleid+mit+silbernem+Muster+auf+dem+Oberteil.+Es+liegt+am+Hals+an,+besitzt+keine+Ärmel+und+die+Schultern+sind+frei."" seamless>","<span>Ein langes, dunkel blaues Kleid mit silbernem Muster auf dem Oberteil. Es liegt am Hals an, besitzt keine Ärmel und die Schultern sind frei.</span>"
"<iframe class=""output"" src=""http://52.203.230.115/txtimgsearch/?text_query=dunkles+kurzes+Kleid+mit+hellem+Muster+nach+unten+etwas+weiter+ausgestellt+,+kleiner+Stehkragen+,+ärmellos+mit+passendem+schmalen+Gürtel"" seamless>","<span>dunkles kurzes Kleid mit hellem Muster nach unten etwas weiter ausgestellt , kleiner Stehkragen , ärmellos mit passendem schmalen Gürtel</span>"
"<iframe class=""output"" src=""http://52.203.230.115/txtimgsearch/?text_query=Ein+olivfarbenes+Kleid.+Das+Kleid+aht+einen+Hemdkragen+und+halblange+Ärmel.+Das+Kleid+reicht+etwa+bis+zur+Mitte+der+Oberschenkel."" seamless>",<span>Ein olivfarbenes Kleid. Das Kleid aht einen Hemdkragen und halblange Ärmel. Das Kleid reicht etwa bis zur Mitte der Oberschenkel.</span>
"<iframe class=""output"" src=""http://52.203.230.115/txtimgsearch/?text_query=schönes+weißes+Kleid+mit+einem+großen+Betrachtungshülse+Oberteil+ist+aus+Spitze+Boden+gemacht+ist+etwas+breiter+sehr+schön+und+stilvolles+Kleid."" seamless>",<span>schönes weißes Kleid mit einem großen Betrachtungshülse Oberteil ist aus Spitze Boden gemacht ist etwas breiter sehr schön und stilvolles Kleid.</span>
"<iframe class=""output"" src=""http://52.203.230.115/txtimgsearch/?text_query=bunt+geblümtes+,+knie+langes+damen+kleid+,+eng+anliegend+mit+kurzen+ärmeln+,+schulterfrei+und+trägerlos"" seamless>","<span>bunt geblümtes , knie langes damen kleid , eng anliegend mit kurzen ärmeln , schulterfrei und trägerlos</span>"
"<iframe class=""output"" src=""http://52.203.230.115/txtimgsearch/?text_query=Es+handelt+sich+um+ein+knielanges+Kleid+mit+runden+Ausschnitt+und+es+eignet+sich+ideal+für+die+XXL-Figur."" seamless>",<span>Es handelt sich um ein knielanges Kleid mit runden Ausschnitt und es eignet sich ideal für die XXL-Figur.</span>
"<iframe class=""output"" src=""http://52.203.230.115/txtimgsearch/?text_query=Ein+schwarzes+Kleid+mit+rosa+Blumenmuster.+Es+hat+einen+runden+Ausschnitt+und+sehr+kurze+Ärmel.+Das+Kleid+reicht+etwa+bis+zur+Mitte+der+Oberschenkel."" seamless>",<span>Ein schwarzes Kleid mit rosa Blumenmuster. Es hat einen runden Ausschnitt und sehr kurze Ärmel. Das Kleid reicht etwa bis zur Mitte der Oberschenkel.</span>
"<iframe class=""output"" src=""http://52.203.230.115/txtimgsearch/?text_query=weißes+knielanges+leger+geschnittenes+Kleid+in+Crepesstruktur+mit+schwarzen+schmalen+Bündchen+an+den+langen+Ärmeln+und+am+Ausschnitt"" seamless>",<span>weißes knielanges leger geschnittenes Kleid in Crepesstruktur mit schwarzen schmalen Bündchen an den langen Ärmeln und am Ausschnitt</span>
"<iframe class=""output"" src=""http://52.203.230.115/txtimgsearch/?text_query=weißess+kleid+mit+einem+sehr+schönen+blauen+blumenmuster,e+s+geht+bis+zu+den+Knie+und+ist+ein+weiter+Rock"" seamless>","<span>weißess kleid mit einem sehr schönen blauen blumenmuster,e s geht bis zu den Knie und ist ein weiter Rock</span>"
"<iframe class=""output"" src=""http://52.203.230.115/txtimgsearch/?text_query=Es+ist+ein+Schwarzes+Kleid+für+Damen.+Es+hat+einen+runden+Ausschnitt+und+lange+Ärmel.+Es+ist+ein+weises+Muster+auf+dem+Kleid+angebracht.+Lediglich+der+untere+Teil+des+Kleides+ist+komplett+schwarz."" seamless>",<span>Es ist ein Schwarzes Kleid für Damen. Es hat einen runden Ausschnitt und lange Ärmel. Es ist ein weises Muster auf dem Kleid angebracht. Lediglich der untere Teil des Kleides ist komplett schwarz.</span>
"<iframe class=""output"" src=""http://52.203.230.115/txtimgsearch/?text_query=Knielanges+Stoffkleid+in+blau,+tailliert.+Schulterfrei+mit+hohem+geradem+Kragen."" seamless>","<span>Knielanges Stoffkleid in blau, tailliert. Schulterfrei mit hohem geradem Kragen.</span>"
"<iframe class=""output"" src=""http://52.203.230.115/txtimgsearch/?text_query=Es+handelt+sich+um+ein+sehr+kurzes+und+sexy+Kleid.+Das+Kleid+ist+schwarz+hat+lange+Ämrel+und+wird+zugeknöpft."" seamless>",<span>Es handelt sich um ein sehr kurzes und sexy Kleid. Das Kleid ist schwarz hat lange Ämrel und wird zugeknöpft.</span>
"<iframe class=""output"" src=""http://52.203.230.115/txtimgsearch/?text_query=schöne+Damen+über+dem+Knie+Farbe+dunkelblau+in+der+Mitte+Kleid+ein+schwarzer+Gürtel+mit+kurzen+Ärmeln+und+auf+beiden+Seiten+hat,+ist+mit+weißen+langen+Streife+sehr+schön+und+stilvoll+gemacht."" seamless>","<span>schöne Damen über dem Knie Farbe dunkelblau in der Mitte Kleid ein schwarzer Gürtel mit kurzen Ärmeln und auf beiden Seiten hat, ist mit weißen langen Streife sehr schön und stilvoll gemacht.</span>"
"<iframe class=""output"" src=""http://52.203.230.115/txtimgsearch/?text_query=weißes+Kleid+mit+Regenbogen+und+roten+Schuhen+grüner+Taschen,+sieht+kacke+aus"" seamless>","<span>weißes Kleid mit Regenbogen und roten Schuhen grüner Taschen, sieht kacke aus</span>"
"<iframe class=""output"" src=""http://52.203.230.115/txtimgsearch/?text_query=Es+ist+ein+blaues+knielanges+gerade+geschnittenes+Kleid,+das+mit+Spitze+besetzt+ist.Es+hat+kleine+Flügelärmel.+Das+Oberteil+sieht+aus+als+ob+es+separat+ist.+es+hat+einen+runden+Ausschnitt."" seamless>","<span>Es ist ein blaues knielanges gerade geschnittenes Kleid, das mit Spitze besetzt ist.Es hat kleine Flügelärmel. Das Oberteil sieht aus als ob es separat ist. es hat einen runden Ausschnitt.</span>"
"<iframe class=""output"" src=""http://52.203.230.115/txtimgsearch/?text_query=Ein+kurzes,+schwarzes+Kleid+mit+silbernem+Streifen-Muster.+Es+besitzt+einen+tiefen+V-Ausschnitt+und+keine+Ärmel."" seamless>","<span>Ein kurzes, schwarzes Kleid mit silbernem Streifen-Muster. Es besitzt einen tiefen V-Ausschnitt und keine Ärmel.</span>"
"<iframe class=""output"" src=""http://52.203.230.115/txtimgsearch/?text_query=schwarzes+kleid+mit+einer+sher+großen+dekorativen+schleife+um+den+halsmit+weiß+gesäumten+rand+ansonsten+ist+es+schlicht+gehalten"" seamless>",<span>schwarzes kleid mit einer sher großen dekorativen schleife um den halsmit weiß gesäumten rand ansonsten ist es schlicht gehalten</span>
"<iframe class=""output"" src=""http://52.203.230.115/txtimgsearch/?text_query=Es+ist+ein+dunkelblaues+sehr+kurzes+Ballkleid,+das+breite+Träger+aus+Spitze+hat+,das+Oberteil+ist+aus+Spitze+und+der+Rock+ist+weit+schwingend+es+ist+auf+Taillie+geschnitten+um+die+Taillie+sieht+es+aus+wie+ein+breites+Band.+Vorne+ist+ein+runder+im+Rücken+ein+tiefer+spitzer+Ausschnitt."" seamless>","<span>Es ist ein dunkelblaues sehr kurzes Ballkleid, das breite Träger aus Spitze hat ,das Oberteil ist aus Spitze und der Rock ist weit schwingend es ist auf Taillie geschnitten um die Taillie sieht es aus wie ein breites Band. Vorne ist ein runder im Rücken ein tiefer spitzer Ausschnitt.</span>"
"<iframe class=""output"" src=""http://52.203.230.115/txtimgsearch/?text_query=ein+karoartiges+muster+bei+eienem+hemdkleid+mit+kragen+und+schwarz+weiß+.vorne+schlaufe+in+schwarz"" seamless>",<span>ein karoartiges muster bei eienem hemdkleid mit kragen und schwarz weiß .vorne schlaufe in schwarz</span>
"<iframe class=""output"" src=""http://52.203.230.115/txtimgsearch/?text_query=Langärmliges+helles+Sommerkleid+mit+bunten+Blumen+Muster.+Das+Kleid+ist+aus+dünnem+Stoff+und+hat+einen+V-Ausschnitt.+Es+geht+bis+zu+den+Knöcheln."" seamless>",<span>Langärmliges helles Sommerkleid mit bunten Blumen Muster. Das Kleid ist aus dünnem Stoff und hat einen V-Ausschnitt. Es geht bis zu den Knöcheln.</span>
"<iframe class=""output"" src=""http://52.203.230.115/txtimgsearch/?text_query=Dunkel+graues+kurzes+Minikleid+mit+kurzen+Ärmeln+und+breiten+runden+Ausschnitt,+tailliert+und+mit+Spitzen+Applikationen+über+das+gesamte+Kleid."" seamless>","<span>Dunkel graues kurzes Minikleid mit kurzen Ärmeln und breiten runden Ausschnitt, tailliert und mit Spitzen Applikationen über das gesamte Kleid.</span>"
"<iframe class=""output"" src=""http://52.203.230.115/txtimgsearch/?text_query=Ein+hummerfarbenes+Abendkleid,+das+vorne+knapp+knielang+ist+und+hinten+lang.+Das+Oberteil+ist+anliegend,+ärmellos,+mit+rundem+Ausschnitt+und+tiefen+Armausschnitten.+Über+der+Taille+sind+zwei+streifenförmige+Aussparungen+angebracht,+die+Haut+hervorblitzen+lassen,+Der+Rock+schwingt."" seamless>","<span>Ein hummerfarbenes Abendkleid, das vorne knapp knielang ist und hinten lang. Das Oberteil ist anliegend, ärmellos, mit rundem Ausschnitt und tiefen Armausschnitten. Über der Taille sind zwei streifenförmige Aussparungen angebracht, die Haut hervorblitzen lassen, Der Rock schwingt.</span>"
"<iframe class=""output"" src=""http://52.203.230.115/txtimgsearch/?text_query=Ein+hellblaues+Kleid+mit+einem+runden+Ausschnitt+und+langen+Ärmel+welche+nach+vorne+weiter+geschnitten+sind+und+es+hat+auf+beiden+je+3+Schleifen+verteilt+auf+der+Armlänge.+Es+fällt+bis+über+die+Hüfte+und+ist+locker+geschnitten."" seamless>",<span>Ein hellblaues Kleid mit einem runden Ausschnitt und langen Ärmel welche nach vorne weiter geschnitten sind und es hat auf beiden je 3 Schleifen verteilt auf der Armlänge. Es fällt bis über die Hüfte und ist locker geschnitten.</span>
"<iframe class=""output"" src=""http://52.203.230.115/txtimgsearch/?text_query=Ein+Schwarzes+kurzes+einem+T-Shirt+ähnliches+Minikleid,+mit+einem+Weißem+Schriftzug+am+Saum+und+den+kurzen+Ärmeln."" seamless>","<span>Ein Schwarzes kurzes einem T-Shirt ähnliches Minikleid, mit einem Weißem Schriftzug am Saum und den kurzen Ärmeln.</span>"
"<iframe class=""output"" src=""http://52.203.230.115/txtimgsearch/?text_query=Es+ist+ein+kurzes+leichtes+rosa+Kleid,+schulterfrei,+leicht+tailliert+und+mit+raffiniert+geschnit4nen+Ärmeln."" seamless>","<span>Es ist ein kurzes leichtes rosa Kleid, schulterfrei, leicht tailliert und mit raffiniert geschnit4nen Ärmeln.</span>"
"<iframe class=""output"" src=""http://52.203.230.115/txtimgsearch/?text_query=schwarzes+Langes+kleid+welches+über+den+Boden+schleift+es+hat+eien+riunden+engen+Ausschnitt+und+die+Träger+sind+knapp+10+cm"" seamless>",<span>schwarzes Langes kleid welches über den Boden schleift es hat eien riunden engen Ausschnitt und die Träger sind knapp 10 cm</span>
"<iframe class=""output"" src=""http://52.203.230.115/txtimgsearch/?text_query=Hübsches+halblanges+helles+Damenkleid+mit+halblangen+Ärmeln+und+hohem+runden+Ausschnitt.+Der+Rock+wirft+Hübsche+Falten."" seamless>",<span>Hübsches halblanges helles Damenkleid mit halblangen Ärmeln und hohem runden Ausschnitt. Der Rock wirft Hübsche Falten.</span>
"<iframe class=""output"" src=""http://52.203.230.115/txtimgsearch/?text_query=Ein+kurzes,+blaues+Kleid+mit+angeschnittenen,+kurzen+Ärmeln.+Der+Stoff+wirkt+T-Shirt-artig,+das+Kleid+ist+weit+geschnitten.+Der+Ausschnitt+ist+rund.+Durch+ein+schmales+Stoffband,+das+vorne+im+Mittebereich+aus+dem+Kleid+ragt,+wird+das+Kleid+im+Hüftbereich+gerafft,+das+Stoffband+ist+zu+einer+Schleife+gebunden.+An+den+Seiten+des+locker+fallenden+Rockteils+befindet+sich+je+eine+Eingrifftasche."" seamless>","<span>Ein kurzes, blaues Kleid mit angeschnittenen, kurzen Ärmeln. Der Stoff wirkt T-Shirt-artig, das Kleid ist weit geschnitten. Der Ausschnitt ist rund. Durch ein schmales Stoffband, das vorne im Mittebereich aus dem Kleid ragt, wird das Kleid im Hüftbereich gerafft, das Stoffband ist zu einer Schleife gebunden. An den Seiten des locker fallenden Rockteils befindet sich je eine Eingrifftasche.</span>"
"<iframe class=""output"" src=""http://52.203.230.115/txtimgsearch/?text_query=Ein+Dunkelgraues+mit+vielen+weißen+Blumen+Bedruckt+knielanges+Kleid,+mit+Ziernaht+in+Bauchhöhe,+weitem+Rock,+halbrundem+ausschnitt+und+kurzen+Ärmeln."" seamless>","<span>Ein Dunkelgraues mit vielen weißen Blumen Bedruckt knielanges Kleid, mit Ziernaht in Bauchhöhe, weitem Rock, halbrundem ausschnitt und kurzen Ärmeln.</span>"
"<iframe class=""output"" src=""http://52.203.230.115/txtimgsearch/?text_query=Knielanges+Stoffkleid+mit+dunkelblauem+Faltenrock+und+weißem+Sptzienoberteil+mit+hohem+Kragen+und+kurzen+Ärmeln."" seamless>",<span>Knielanges Stoffkleid mit dunkelblauem Faltenrock und weißem Sptzienoberteil mit hohem Kragen und kurzen Ärmeln.</span>
"<iframe class=""output"" src=""http://52.203.230.115/txtimgsearch/?text_query=schöne+Damen+kleiden+lang+über+dem+Knie+Farbe+weiß+mit+schwarzen+Blumen+und+mittlere+Gürtel+schön+und+stilvoll."" seamless>",<span>schöne Damen kleiden lang über dem Knie Farbe weiß mit schwarzen Blumen und mittlere Gürtel schön und stilvoll.</span>
"<iframe class=""output"" src=""http://52.203.230.115/txtimgsearch/?text_query=Ein+hellgraues,+knielanges+Kleid+mit+weißen+Punkten.+Das+Kleid+hat+kleine+Flügelärmel+und+einen+runden+Ausschnitt.+Ein+Stoffband+in+der+Taille+kann+zur+Schleife+gebunden+werden,+der+Rock+ist+weit+schwingend."" seamless>","<span>Ein hellgraues, knielanges Kleid mit weißen Punkten. Das Kleid hat kleine Flügelärmel und einen runden Ausschnitt. Ein Stoffband in der Taille kann zur Schleife gebunden werden, der Rock ist weit schwingend.</span>"
"<iframe class=""output"" src=""http://52.203.230.115/txtimgsearch/?text_query=Es+ist+ein+kurzes+mehrfarbiges+Sommerkleid+das+auf+Taillie+geabeitet+ist.Es+hat+keine+Ärmel+und+einen+runden+Ausschnitt.Die+Grundfarbe+ist+weiss+blaue+und+rote+Blumen+mit+etwas+grün.Es+hat+einen+schmalen+roten+Gürtel."" seamless>",<span>Es ist ein kurzes mehrfarbiges Sommerkleid das auf Taillie geabeitet ist.Es hat keine Ärmel und einen runden Ausschnitt.Die Grundfarbe ist weiss blaue und rote Blumen mit etwas grün.Es hat einen schmalen roten Gürtel.</span>
"<iframe class=""output"" src=""http://52.203.230.115/txtimgsearch/?text_query=Ein+bis+etwas+unterhalb+die+Knie+reichendes,+hemdartiges+Kleid.+Der+weiße+Stoff+ist+mit+divers+breiten,+dunkelblauen+Längsstreifen+bedruckt,+die+langen+Ärmel+haben+quer+gestreifte+Krempen.+Das+Kleid+hat+einen+schmaler+Stehkragen,+vorn+ist+das+Kleid+bis+unter+die+Brust+mit+kleinen,+weißen+Knöpfen+zu+schließen.+Das+blind+um+die+Taille+gewundene,+schmale+Stoffband+ist+in+der+Mitte+zu+einer+Schleife+gebunden.+Der+Rocksaum+ist+leicht+gerundet,hinten+ist+der+Rock+fast+eine+handbreit+länger+als+vorn."" seamless>","<span>Ein bis etwas unterhalb die Knie reichendes, hemdartiges Kleid. Der weiße Stoff ist mit divers breiten, dunkelblauen Längsstreifen bedruckt, die langen Ärmel haben quer gestreifte Krempen. Das Kleid hat einen schmaler Stehkragen, vorn ist das Kleid bis unter die Brust mit kleinen, weißen Knöpfen zu schließen. Das blind um die Taille gewundene, schmale Stoffband ist in der Mitte zu einer Schleife gebunden. Der Rocksaum ist leicht gerundet,hinten ist der Rock fast eine handbreit länger als vorn.</span>"
"<iframe class=""output"" src=""http://52.203.230.115/txtimgsearch/?text_query=Ein+weißes,+knielanges+Kleid.+Es+hat+einen+Rundausschnitt+und+keine+Ärmel.+Es+ist+figurbetont.+Der+Rock+ist+ausgestellt+und+hat+Falten.+Es+hat+ein+großflächigen+blauen+Blumenaufdruck."" seamless>","<span>Ein weißes, knielanges Kleid. Es hat einen Rundausschnitt und keine Ärmel. Es ist figurbetont. Der Rock ist ausgestellt und hat Falten. Es hat ein großflächigen blauen Blumenaufdruck.</span>"
"<iframe class=""output"" src=""http://52.203.230.115/txtimgsearch/?text_query=Ein+etwas+knielanges+Shirt-Kleid+mit+kurzen+Ärmeln.+Das+Kleid+ist+schwarz,+mit+Blumenmustern+und+Schriftzügen+am+Rock.+Es+hat+einen+runden+Ausschnitt."" seamless>","<span>Ein etwas knielanges Shirt-Kleid mit kurzen Ärmeln. Das Kleid ist schwarz, mit Blumenmustern und Schriftzügen am Rock. Es hat einen runden Ausschnitt.</span>"
"<iframe class=""output"" src=""http://52.203.230.115/txtimgsearch/?text_query=Ein+schwarz-hellbraun+gestreiftes,+knielanges+Kleid+ohne+Ärmel+und+mit+rundem+Ausschnitt.+Das+Oberteil+ist+figurbetont,+der+Rock+weit+schwingend."" seamless>","<span>Ein schwarz-hellbraun gestreiftes, knielanges Kleid ohne Ärmel und mit rundem Ausschnitt. Das Oberteil ist figurbetont, der Rock weit schwingend.</span>"
"<iframe class=""output"" src=""http://52.203.230.115/txtimgsearch/?text_query=Ein+über+die+Knie+reichendes+schwarzes+Kleid.+Es+hat+einen+V-förmigen+Ausschnitt.+Die+Ärmel+sind+lang+und+ab+dem+Ellenbogen+sehr+stark+faltig+aufgeweitet."" seamless>",<span>Ein über die Knie reichendes schwarzes Kleid. Es hat einen V-förmigen Ausschnitt. Die Ärmel sind lang und ab dem Ellenbogen sehr stark faltig aufgeweitet.</span>
"<iframe class=""output"" src=""http://52.203.230.115/txtimgsearch/?text_query=schwarzes+mit+bunten+Blumen+bedrucktes+Minikleid+,+nach+unten+hin+leicht+ausgestellt+,+breite+Träger+,+weiter+runder+Ausschnitt"" seamless>","<span>schwarzes mit bunten  Blumen bedrucktes Minikleid , nach unten hin leicht ausgestellt , breite Träger , weiter runder Ausschnitt</span>"
"<iframe class=""output"" src=""http://52.203.230.115/txtimgsearch/?text_query=rotes+Klied+welches+an+den+waden+bis+zum+boden+geht+aber+vorne+schon+auf+knie+höhe+aufhört"" seamless>",<span>rotes Klied welches an den waden bis zum boden geht aber vorne schon auf knie höhe aufhört</span>
"<iframe class=""output"" src=""http://52.203.230.115/txtimgsearch/?text_query=ein+kleid+mit+rosa+grauem+muster.+es+sit+knielang+und+hat+keine+ärmel"" seamless>",<span>ein kleid mit rosa grauem muster. es sit knielang und hat keine ärmel</span>
"<iframe class=""output"" src=""http://52.203.230.115/txtimgsearch/?text_query=Es+ist+ein+blaues+Kasack+mit+weißen+Blumen+drauf.+Er+hat+kurze+Ärmel+und+einen+spitzen+Ausschnitt."" seamless>",<span>Es ist ein blaues Kasack mit weißen Blumen drauf. Er hat kurze Ärmel und einen spitzen Ausschnitt.</span>
"<iframe class=""output"" src=""http://52.203.230.115/txtimgsearch/?text_query=Fuchsiafarbenes+kurzes+Strickkleid.+Wickelkleid,+links+schließbar.+V-Ausschnitt.+Rock+ausgestellt,+locker+schwingend."" seamless>","<span>Fuchsiafarbenes kurzes Strickkleid. Wickelkleid, links schließbar. V-Ausschnitt. Rock ausgestellt, locker schwingend.</span>"
"<iframe class=""output"" src=""http://52.203.230.115/txtimgsearch/?text_query=Es+handelt+sich+um+ein+Kleid+das+dunkelblau+ist.+Das+Kleid+hat+keine+Ärmel+und+eine+runden+Ausschnitt.+Dieses+Kleid+hat+einen+sehr+feinen+schwarzen+Gürtel."" seamless>",<span>Es handelt sich um ein Kleid das dunkelblau ist. Das Kleid hat keine Ärmel und eine runden Ausschnitt. Dieses Kleid hat einen sehr feinen schwarzen Gürtel.</span>
"<iframe class=""output"" src=""http://52.203.230.115/txtimgsearch/?text_query=hautfarbenes+bis+hin+zu+rosa+kleid,+es+besteht+wohl+aus+SPitze+und+hat+einen+schlictz+an+den+beienn"" seamless>","<span>hautfarbenes bis hin zu rosa kleid, es besteht wohl aus SPitze und hat einen schlictz an den beienn</span>"
"<iframe class=""output"" src=""http://52.203.230.115/txtimgsearch/?text_query=Langes+Kleid+ohne+Ärmeln.+Das+Kleid+ist+rosa+ohne+Motive+am+Rock.+Es+reicht+bis+zu+den+Füßen+und+hat+einen+weiten+V-Ausschnitt."" seamless>",<span>Langes Kleid ohne Ärmeln. Das Kleid ist rosa ohne Motive am Rock. Es reicht bis zu den Füßen und hat einen weiten V-Ausschnitt.</span>
"<iframe class=""output"" src=""http://52.203.230.115/txtimgsearch/?text_query=Schulter+freies+ärmelloses+langes+rotes+Kleid+mit+aufgesetzten+breiten+Band+im+Brust+Bereich,+sehr+tailliert."" seamless>","<span>Schulter freies ärmelloses langes rotes Kleid mit aufgesetzten breiten Band im Brust Bereich, sehr tailliert.</span>"
"<iframe class=""output"" src=""http://52.203.230.115/txtimgsearch/?text_query=Knie+langes+stark+gemustertes+Kleid+da+vorne+etwas+kürzer+ist.+Es+hat+einen+V-Ausschnitt+und+halb+lange+Arme."" seamless>",<span>Knie langes stark gemustertes Kleid da vorne etwas kürzer ist. Es hat einen V-Ausschnitt und halb lange Arme.</span>
"<iframe class=""output"" src=""http://52.203.230.115/txtimgsearch/?text_query=ein+schwarzes+kurzes+kleid+mit+langen+armen+sehr+leicht+fallend+und+schön"" seamless>",<span>ein schwarzes kurzes kleid mit langen armen sehr leicht fallend und schön</span>
"<iframe class=""output"" src=""http://52.203.230.115/txtimgsearch/?text_query=Ein+langes,+dunkel+blaues+Kleid+mit+silbernem+Muster+auf+dem+Oberteil.+Es+liegt+am+Hals+an,+besitzt+keine+Ärmel+und+die+Schultern+sind+frei."" seamless>","<span>Ein langes, dunkel blaues Kleid mit silbernem Muster auf dem Oberteil. Es liegt am Hals an, besitzt keine Ärmel und die Schultern sind frei.</span>"
"<iframe class=""output"" src=""http://52.203.230.115/txtimgsearch/?text_query=Kurzes+Kleid+mit+dünnen+Trägern,+schultern+sind+frei+an+den+Ellenbogen+sind+Ärmel."" seamless>","<span>Kurzes Kleid mit dünnen Trägern, schultern sind frei an den Ellenbogen sind Ärmel.</span>"
"<iframe class=""output"" src=""http://52.203.230.115/txtimgsearch/?text_query=Ein+hellblaues+ärmelloses+Kleid+mit+einem+Kragen+Band.+Es+fällt+bis+über+die+Hüfte+und+hat+einen+dünnen+Saum+um+den+Bauch."" seamless>",<span>Ein hellblaues ärmelloses Kleid mit einem Kragen Band. Es fällt bis über die Hüfte und hat einen dünnen Saum um den Bauch.</span>
"<iframe class=""output"" src=""http://52.203.230.115/txtimgsearch/?text_query=Enganliegendes+weißes+Minikleid+mit+geschlossenem+Ausschnitt+und+langen+Ärmel+und+schmalen+vertikalen+Streifen."" seamless>",<span>Enganliegendes weißes Minikleid mit geschlossenem Ausschnitt und langen Ärmel und schmalen vertikalen Streifen.</span>
"<iframe class=""output"" src=""http://52.203.230.115/txtimgsearch/?text_query=ein+graues+kleid.+ees+hat+auf+der+rechten+seite+einen+träger+und+links+einen+langen+ärmel.+der+schnitt+wirkt+figurbetont.+der+rock+hat+vorne+einen+schlitz,+der+bis+zu+oberschenkel+reicht.+der+rock+geht+bis+kurz+über+das+knie."" seamless>","<span>ein graues kleid. ees hat auf der rechten seite einen träger und links einen langen ärmel. der schnitt wirkt figurbetont. der rock hat vorne einen schlitz, der bis zu oberschenkel reicht. der rock geht bis kurz über das knie.</span>"
"<iframe class=""output"" src=""http://52.203.230.115/txtimgsearch/?text_query=Knielanges,+schwarzes+Kleid.+Das+Kleid+ist+schulterfrei.+Ärmelende+und+Rockende+sind+mit+Spitze."" seamless>","<span>Knielanges, schwarzes Kleid. Das Kleid ist schulterfrei. Ärmelende und Rockende sind mit Spitze.</span>"
"<iframe class=""output"" src=""http://52.203.230.115/txtimgsearch/?text_query=Halblanges+ärmelloses+dunkelblaues+Damenkleid+mit+Spitzen+Applikationen+im+Oberteil+und+schmalem+geknoteten+Gürtelband."" seamless>",<span>Halblanges ärmelloses dunkelblaues Damenkleid mit Spitzen Applikationen im Oberteil und schmalem geknoteten Gürtelband.</span>
"<iframe class=""output"" src=""http://52.203.230.115/txtimgsearch/?text_query=Ein+kurzes,+weißes+Kleid+mit+pink,+grauen+Mustern.+Es+besitzt+einen+runden+Ausschnitt+und+kurze+Ärmel."" seamless>","<span>Ein kurzes, weißes Kleid mit pink, grauen Mustern. Es besitzt einen runden Ausschnitt und kurze Ärmel.</span>"
"<iframe class=""output"" src=""http://52.203.230.115/txtimgsearch/?text_query=Haben+Sie+ein+graues+Kleid+mit+halben+Ärmeln.+Keine+Muster.+Unter+dem+Knie"" seamless>",<span>Haben Sie ein graues Kleid mit halben Ärmeln. Keine Muster. Unter dem Knie</span>
"<iframe class=""output"" src=""http://52.203.230.115/txtimgsearch/?text_query=Ein+schwarzes+Tshirtkleid.+Es+hat+einen+runden+Ausschnitt+und+kurze+Ärmel.+Das+Kleid+reicht+etwa+bis+zur+Mitte+der+Oberschenkel."" seamless>",<span>Ein schwarzes Tshirtkleid. Es hat einen runden Ausschnitt und kurze Ärmel. Das Kleid reicht etwa bis zur Mitte der Oberschenkel.</span>
"<iframe class=""output"" src=""http://52.203.230.115/txtimgsearch/?text_query=Ein+kurzes,+ärmelloses+Kleid.+Auf+den+weißen+Stoff+des+Oberteils+mit+rundem+Ausschnitt+sind+schwarze,+blütenartige+Gebilde+aufgedruckt,+auf+den+schwarzen+Rockteil+weiße,+derartige+Gebilde.+Der+weite+Rock+fällt+in+Wellen."" seamless>","<span>Ein kurzes, ärmelloses Kleid. Auf den weißen Stoff des Oberteils mit rundem Ausschnitt sind schwarze, blütenartige Gebilde aufgedruckt, auf den schwarzen Rockteil  weiße, derartige Gebilde.  Der weite Rock fällt in Wellen.</span>"
"<iframe class=""output"" src=""http://52.203.230.115/txtimgsearch/?text_query=Dunkles+knielanges+Damenkleid+mit+weißen+Punkten.+Ärmellos+mit+tiefem+V+Ausschnitt+und+schmalem+Gürtelband."" seamless>",<span>Dunkles knielanges Damenkleid mit weißen Punkten. Ärmellos mit tiefem V Ausschnitt und schmalem Gürtelband.</span>
"<iframe class=""output"" src=""http://52.203.230.115/txtimgsearch/?text_query=Ärmelloses+knielanges+schwarzes+Damenkleid+mit+hauchdünnen+Trägern+und+Dekollete+betonendem+V+Ausschnitt."" seamless>",<span>Ärmelloses knielanges schwarzes Damenkleid mit hauchdünnen Trägern und Dekollete betonendem V Ausschnitt.</span>
"<iframe class=""output"" src=""http://52.203.230.115/txtimgsearch/?text_query=Knielanges+Kleid+mit+langen+Ärmeln.+Das+Kleid+ist+grau+und+ohne+Motive+am+Rock.+Es+wirkt+sehr+figurbetont.+Es+hat+einen+weiten+runden+Ausschnitt."" seamless>",<span>Knielanges Kleid mit langen Ärmeln. Das Kleid ist grau und ohne Motive am Rock. Es wirkt sehr figurbetont. Es hat einen weiten runden Ausschnitt.</span>
"<iframe class=""output"" src=""http://52.203.230.115/txtimgsearch/?text_query=Extravagantes+Minikleid+in+der+Frabe+Orange,+schulterfrei+und+lange+Ärmel.+Die+Länge+des+Kleides+endet+detlich+über+dem+Knie."" seamless>","<span>Extravagantes Minikleid in der Frabe Orange, schulterfrei und lange Ärmel. Die Länge des Kleides endet detlich über dem Knie.</span>"
"<iframe class=""output"" src=""http://52.203.230.115/txtimgsearch/?text_query=ein+graues+kleid+mit+kurzen+armen.+großes+runder+ausschnit+am+hals.+es+iat+nicht+lang+geschnitten+.+die+Knie+sind+frei."" seamless>",<span>ein graues kleid mit kurzen armen. großes runder ausschnit am hals. es iat nicht lang geschnitten . die Knie sind frei.</span>
"<iframe class=""output"" src=""http://52.203.230.115/txtimgsearch/?text_query=Dies+ist+ein+schwarzes+mittellanges+Kleid+mit+bunt+aufgedrucktem+Blumenmuster.+Es+hat+kurze+Ärmel.+Oben+hat+es+einen+V-förmigen+Halsauschnitt."" seamless>",<span>Dies ist ein schwarzes mittellanges Kleid mit bunt aufgedrucktem Blumenmuster. Es hat kurze Ärmel. Oben hat es einen V-förmigen Halsauschnitt.</span>
"<iframe class=""output"" src=""http://52.203.230.115/txtimgsearch/?text_query=Es+ist+ein+beigefarbenes+gerade+geschnittenes+knielanges+Spitzenkleid,+das+keine+Ärmel+hat.+Es+hat+einen+runden+Ausschnitt+und+am+Rock+an+der+seite+einen+Schlitz.Das+Oberteil+hat+noch+weisse+Verzierungen."" seamless>","<span>Es ist ein beigefarbenes gerade geschnittenes knielanges Spitzenkleid, das keine Ärmel hat. Es hat einen runden Ausschnitt und am Rock an der seite einen Schlitz.Das Oberteil hat noch weisse Verzierungen.</span>"
"<iframe class=""output"" src=""http://52.203.230.115/txtimgsearch/?text_query=Ein+Kleid+mit+adidas+auf+Druck+vorne+auf+der+Brust.+Es+hat+kurze+Arme+und+die+Knie+sind+frei."" seamless>",<span>Ein Kleid mit adidas auf Druck vorne auf der Brust. Es hat kurze Arme und die Knie sind frei.</span>
"<iframe class=""output"" src=""http://52.203.230.115/txtimgsearch/?text_query=Knielanges+Stoffkleid+mit+schwarzem+Faltenrock,+Ledergürtel+und+weißem+Oberteil+mit+tiefem+rundem+Ausschnitt+und+langen+Ärmeln."" seamless>","<span>Knielanges Stoffkleid mit schwarzem Faltenrock, Ledergürtel und weißem Oberteil mit tiefem rundem Ausschnitt und langen Ärmeln.</span>"
"<iframe class=""output"" src=""http://52.203.230.115/txtimgsearch/?text_query=Ein+schwarzes+Kleid+mit+rosa+Blumenmuster.+Es+hat+einen+runden+Ausschnitt+und+sehr+kurze+Ärmel.+Das+Kleid+reicht+etwa+bis+zur+Mitte+der+Oberschenkel."" seamless>",<span>Ein schwarzes Kleid mit rosa Blumenmuster. Es hat einen runden Ausschnitt und sehr kurze Ärmel. Das Kleid reicht etwa bis zur Mitte der Oberschenkel.</span>
"<iframe class=""output"" src=""http://52.203.230.115/txtimgsearch/?text_query=Es+handelt+sich+um+ein+dunkelgraues+Kleid+mit+Rundausschnitt.+Es+endet+auf+Höhe+der+Oberschenkel+und+bedeckt+die+Schultern."" seamless>",<span>Es handelt sich um ein dunkelgraues Kleid mit Rundausschnitt. Es endet auf Höhe der Oberschenkel und bedeckt die Schultern.</span>
"<iframe class=""output"" src=""http://52.203.230.115/txtimgsearch/?text_query=Ein+rotes,+knielanges+Kleid.+Es+hat+einen+U-Boot-förmigen+Ausschnitt+und+ellenbogenlange,+weite+Ärmel."" seamless>","<span>Ein rotes, knielanges Kleid. Es hat einen U-Boot-förmigen Ausschnitt und ellenbogenlange, weite Ärmel.</span>"
"<iframe class=""output"" src=""http://52.203.230.115/txtimgsearch/?text_query=ein+dunkelblaues+abendkleid+mit+einem+silberfarbenen+muster.+der+ausschnitt+fällt+bis+über+die+schultern.+es+hat+dreiviertellange+ärmel+und+der+rock+geht+bis+zum+boden."" seamless>",<span>ein dunkelblaues abendkleid mit einem silberfarbenen muster. der ausschnitt fällt bis über die schultern. es hat dreiviertellange ärmel und der rock geht bis zum boden.</span>
"<iframe class=""output"" src=""http://52.203.230.115/txtimgsearch/?text_query=Ein+schwarz+und+weiß+gestreiftes+Kleid.+ES+hat+einen+runden+Ausschnitt+und+keine+Ärmel.+Das+Kleid+reicht+etwa+bis+zur+Mitte+der+Oberschenkel."" seamless>",<span>Ein schwarz und weiß gestreiftes Kleid. ES hat einen runden Ausschnitt und keine Ärmel. Das Kleid reicht etwa bis zur Mitte der Oberschenkel.</span>
"<iframe class=""output"" src=""http://52.203.230.115/txtimgsearch/?text_query=Hellbalues+kurzes+Kleid+mit+buntem+Aufdruck.+V-ausschnitt.+Rock+unter+Brust+angesetzt.+Durchsichtiger+Streifen+unter+Brust+und+in+der+selben+Höhe+auf+Armen.+Ärmel+lang+ab+Streifen+weit+ausgestellt.+Alles+luftig+fallend."" seamless>",<span>Hellbalues kurzes Kleid mit buntem Aufdruck. V-ausschnitt. Rock unter Brust angesetzt. Durchsichtiger Streifen unter Brust und in der selben Höhe auf Armen. Ärmel lang ab Streifen weit ausgestellt. Alles luftig fallend.</span>
"<iframe class=""output"" src=""http://52.203.230.115/txtimgsearch/?text_query=Boden+langes+Kleid+mit+einem+transparenten+Saum+am+Ende.+Es+hat+einen+gezackten+Rundhals+und+kurze+Arme."" seamless>",<span>Boden langes Kleid mit einem transparenten Saum am Ende. Es hat einen gezackten Rundhals und kurze Arme.</span>
"<iframe class=""output"" src=""http://52.203.230.115/txtimgsearch/?text_query=Das+ist+ein+kurzes+rotes+Kleid+mit+kurzen+<Ärmeln+und+rechtsd+und+links+vom+Ausschnitt+je+einen+Knopf+zur+Verzierung."" seamless>",<span>Das ist ein kurzes rotes Kleid mit kurzen <Ärmeln und rechtsd und links vom Ausschnitt je einen Knopf zur Verzierung.</span>
"<iframe class=""output"" src=""http://52.203.230.115/txtimgsearch/?text_query=Es+handelt+sich+um+ein+knielanges+beige+ohne+Ärmel+und+einen+runden+Ausschnitt."" seamless>",<span>Es handelt sich um ein knielanges beige ohne Ärmel und einen runden Ausschnitt.</span>
"<iframe class=""output"" src=""http://52.203.230.115/txtimgsearch/?text_query=Ein+schwarzes+kurzes+Kleid+mit+weißen+Punkten+und+halblangem+Arm"" seamless>",<span>Ein schwarzes kurzes Kleid mit weißen Punkten und halblangem Arm</span>
"<iframe class=""output"" src=""http://52.203.230.115/txtimgsearch/?text_query=Langes+pinkes+Kleid+mit+Neckholder.+Die+Schultern+sind+frei+und+ohne+Ärmel.+Tailliert+und+mit+Schlitz+am+Bein."" seamless>",<span>Langes pinkes Kleid mit Neckholder. Die Schultern sind frei und ohne Ärmel. Tailliert und mit Schlitz am Bein.</span>
"<iframe class=""output"" src=""http://52.203.230.115/txtimgsearch/?text_query=Jacket+ähnliches+Minikleid+schwarz+mit+langen+Ärmeln+und+ovalen+tiefen+Ausschnitt+sowie+Halsband."" seamless>",<span>Jacket ähnliches Minikleid schwarz mit langen Ärmeln und ovalen tiefen Ausschnitt sowie Halsband.</span>
"<iframe class=""output"" src=""http://52.203.230.115/txtimgsearch/?text_query=Kurzes+gerade+geschnittenes+Kleid.+Es+hat+einen+schmalen+V-Ausschnitt+und+kurze+faltige+Arme."" seamless>",<span>Kurzes gerade geschnittenes Kleid. Es hat einen schmalen V-Ausschnitt und kurze faltige Arme.</span>
"<iframe class=""output"" src=""http://52.203.230.115/txtimgsearch/?text_query=Ein+kurzes,+weißes+Spitzenkleid+mit+einem+Blumenmuster.+Es+hat+einen+am+Saum+weit+gezackten+Stehkragen.+Die+Ärmel+sind+kurz+und+am+Saum+ebenfalls+gezackt,+so+wie+auch+der+Rocksaum.+Der+Rock+ist+ausgestellt.+Unter+dem+transparent+weißen+Spitzenstoff+ist+ein+blickdichtes,+weißes+Unterkleid+mit+rundem+Ausschnitt+angebracht."" seamless>","<span>Ein kurzes, weißes Spitzenkleid mit einem Blumenmuster. Es hat einen am Saum weit gezackten Stehkragen. Die Ärmel sind kurz und am Saum ebenfalls gezackt, so wie auch der Rocksaum. Der Rock ist ausgestellt. Unter dem transparent weißen Spitzenstoff ist ein blickdichtes, weißes Unterkleid mit rundem Ausschnitt angebracht.</span>"
"<iframe class=""output"" src=""http://52.203.230.115/txtimgsearch/?text_query=ein+schwarzes+längeres+kleid+mit+leichtem+rock+und+kurzen+armen"" seamless>",<span>ein schwarzes längeres kleid mit leichtem rock und kurzen armen</span>
"<iframe class=""output"" src=""http://52.203.230.115/txtimgsearch/?text_query=Waden+langes+bequemes+Kleid+.Es+hat+einen+leichten+V-Ausschnitt+und+kurze+Ärmel."" seamless>",<span>Waden langes bequemes Kleid .Es hat einen leichten V-Ausschnitt und kurze Ärmel.</span>
"<iframe class=""output"" src=""http://52.203.230.115/txtimgsearch/?text_query=Ein+Kleid+mit+rundem+Hals+aus+schnitt.+Die+länge+ist+bis+über+den+Knie."" seamless>",<span>Ein Kleid mit rundem Hals aus schnitt. Die länge ist bis über den Knie.</span>
"<iframe class=""output"" src=""http://52.203.230.115/txtimgsearch/?text_query=Ein+schwatzes+Hemd-Kleid,+sehr+kurz.+Das+Modell+mit+Kent-Kragen+wird+mit+einer+durchgehenden+versteckten+Knopfleiste+vorne+geschlossen.+Lange+Ärmel+mit+Manschetten+verleihen+dem+Kleid+das+interessante+Note+durch+Spitzeneinsätze+an+den+Seiten.+Auch+im+Brustbereich+sind+Spitzenstreifen+eingearbeitet."" seamless>","<span>Ein schwatzes Hemd-Kleid, sehr kurz. Das Modell mit Kent-Kragen wird mit einer durchgehenden versteckten Knopfleiste vorne geschlossen. Lange Ärmel mit Manschetten  verleihen dem Kleid das interessante Note durch Spitzeneinsätze an den Seiten. Auch im Brustbereich sind Spitzenstreifen eingearbeitet.</span>"
